{
    "data": [
        {
            "id": 3,
            "documentId": "i5aoqicdm9t9ztganfug8ivc",
            "productName": "Cheese Variety",
            "productPrice": 23.99,
            "productDescription": "A Very Expensive Platter of Cheese That Just Might Be Worth It.",
            "productStock": 5,
            "createdAt": "2024-11-11T23:38:06.815Z",
            "updatedAt": "2024-11-11T23:39:06.043Z",
            "publishedAt": "2024-11-11T23:39:06.069Z",
            "productImage": {
                "id": 4,
                "documentId": "vhbhzcntea8s01mm3h55vbje",
                "name": "item4.png",
                "alternativeText": null,
                "caption": null,
                "width": 767,
                "height": 850,
                "formats": {
                    "thumbnail": {
                        "name": "thumbnail_item4.png",
                        "hash": "thumbnail_item4_f55d213843",
                        "ext": ".png",
                        "mime": "image/png",
                        "path": null,
                        "width": 141,
                        "height": 156,
                        "size": 37.92,
                        "sizeInBytes": 37924,
                        "url": "/uploads/thumbnail_item4_f55d213843.png"
                    },
                    "small": {
                        "name": "small_item4.png",
                        "hash": "small_item4_f55d213843",
                        "ext": ".png",
                        "mime": "image/png",
                        "path": null,
                        "width": 451,
                        "height": 500,
                        "size": 318.24,
                        "sizeInBytes": 318242,
                        "url": "/uploads/small_item4_f55d213843.png"
                    },
                    "medium": {
                        "name": "medium_item4.png",
                        "hash": "medium_item4_f55d213843",
                        "ext": ".png",
                        "mime": "image/png",
                        "path": null,
                        "width": 677,
                        "height": 750,
                        "size": 663.66,
                        "sizeInBytes": 663664,
                        "url": "/uploads/medium_item4_f55d213843.png"
                    }
                },
                "hash": "item4_f55d213843",
                "ext": ".png",
                "mime": "image/png",
                "size": 164.61,
                "url": "/uploads/item4_f55d213843.png",
                "previewUrl": null,
                "provider": "local",
                "provider_metadata": null,
                "createdAt": "2024-11-11T23:37:37.182Z",
                "updatedAt": "2024-11-11T23:38:15.013Z",
                "publishedAt": "2024-11-11T23:37:37.183Z"
            }
        },
        {
            "id": 5,
            "documentId": "fcxzhvahbotv5bfjkfmfpruj",
            "productName": "Bread",
            "productPrice": 3.99,
            "productDescription": "Bread That May Be Good.",
            "productStock": 21,
            "createdAt": "2024-11-11T23:39:43.134Z",
            "updatedAt": "2024-11-11T23:39:43.134Z",
            "publishedAt": "2024-11-11T23:39:43.146Z",
            "productImage": {
                "id": 1,
                "documentId": "v8cvjsyjl7kcmvrwv709eugt",
                "name": "item1.png",
                "alternativeText": null,
                "caption": null,
                "width": 326,
                "height": 322,
                "formats": {
                    "thumbnail": {
                        "name": "thumbnail_item1.png",
                        "hash": "thumbnail_item1_0d99c1c431",
                        "ext": ".png",
                        "mime": "image/png",
                        "path": null,
                        "width": 158,
                        "height": 156,
                        "size": 5.41,
                        "sizeInBytes": 5408,
                        "url": "/uploads/thumbnail_item1_0d99c1c431.png"
                    }
                },
                "hash": "item1_0d99c1c431",
                "ext": ".png",
                "mime": "image/png",
                "size": 20.24,
                "url": "/uploads/item1_0d99c1c431.png",
                "previewUrl": null,
                "provider": "local",
                "provider_metadata": null,
                "createdAt": "2024-11-11T23:37:35.143Z",
                "updatedAt": "2024-11-11T23:39:40.199Z",
                "publishedAt": "2024-11-11T23:37:35.145Z"
            }
        },
        {
            "id": 7,
            "documentId": "hlgoyb1reddooiz742j6a9vp",
            "productName": "Sauces",
            "productPrice": 12.99,
            "productDescription": "Variety Or Random Sauces.",
            "productStock": 5,
            "createdAt": "2024-11-12T18:47:19.277Z",
            "updatedAt": "2024-11-12T18:47:19.277Z",
            "publishedAt": "2024-11-12T18:47:19.321Z",
            "productImage": {
                "id": 3,
                "documentId": "mutc36xwjb40uwq5iri7tchd",
                "name": "item5.png",
                "alternativeText": null,
                "caption": null,
                "width": 450,
                "height": 450,
                "formats": {
                    "thumbnail": {
                        "name": "thumbnail_item5.png",
                        "hash": "thumbnail_item5_7431162153",
                        "ext": ".png",
                        "mime": "image/png",
                        "path": null,
                        "width": 156,
                        "height": 156,
                        "size": 27.58,
                        "sizeInBytes": 27582,
                        "url": "/uploads/thumbnail_item5_7431162153.png"
                    }
                },
                "hash": "item5_7431162153",
                "ext": ".png",
                "mime": "image/png",
                "size": 48.06,
                "url": "/uploads/item5_7431162153.png",
                "previewUrl": null,
                "provider": "local",
                "provider_metadata": null,
                "createdAt": "2024-11-11T23:37:36.080Z",
                "updatedAt": "2024-11-11T23:37:36.080Z",
                "publishedAt": "2024-11-11T23:37:36.082Z"
            }
        },
        {
            "id": 9,
            "documentId": "bqwkkedy0s6lp96shh1im8pi",
            "productName": "Soup(Bread Not Included)",
            "productPrice": 1.49,
            "productDescription": "Soup Of Unknown Origin.(Bowl Not Included Either)",
            "productStock": 44,
            "createdAt": "2024-11-12T18:48:21.951Z",
            "updatedAt": "2024-11-12T18:48:21.951Z",
            "publishedAt": "2024-11-12T18:48:21.978Z",
            "productImage": {
                "id": 5,
                "documentId": "xwg1stfby82atkxgg6um96w4",
                "name": "item2.png",
                "alternativeText": null,
                "caption": null,
                "width": 1968,
                "height": 1320,
                "formats": {
                    "thumbnail": {
                        "name": "thumbnail_item2.png",
                        "hash": "thumbnail_item2_1829f2b033",
                        "ext": ".png",
                        "mime": "image/png",
                        "path": null,
                        "width": 233,
                        "height": 156,
                        "size": 33.44,
                        "sizeInBytes": 33435,
                        "url": "/uploads/thumbnail_item2_1829f2b033.png"
                    },
                    "medium": {
                        "name": "medium_item2.png",
                        "hash": "medium_item2_1829f2b033",
                        "ext": ".png",
                        "mime": "image/png",
                        "path": null,
                        "width": 750,
                        "height": 503,
                        "size": 273.73,
                        "sizeInBytes": 273734,
                        "url": "/uploads/medium_item2_1829f2b033.png"
                    },
                    "small": {
                        "name": "small_item2.png",
                        "hash": "small_item2_1829f2b033",
                        "ext": ".png",
                        "mime": "image/png",
                        "path": null,
                        "width": 500,
                        "height": 335,
                        "size": 128.97,
                        "sizeInBytes": 128970,
                        "url": "/uploads/small_item2_1829f2b033.png"
                    },
                    "large": {
                        "name": "large_item2.png",
                        "hash": "large_item2_1829f2b033",
                        "ext": ".png",
                        "mime": "image/png",
                        "path": null,
                        "width": 1000,
                        "height": 671,
                        "size": 467,
                        "sizeInBytes": 467001,
                        "url": "/uploads/large_item2_1829f2b033.png"
                    }
                },
                "hash": "item2_1829f2b033",
                "ext": ".png",
                "mime": "image/png",
                "size": 367.09,
                "url": "/uploads/item2_1829f2b033.png",
                "previewUrl": null,
                "provider": "local",
                "provider_metadata": null,
                "createdAt": "2024-11-11T23:37:37.950Z",
                "updatedAt": "2024-11-11T23:37:37.950Z",
                "publishedAt": "2024-11-11T23:37:37.951Z"
            }
        },
        {
            "id": 11,
            "documentId": "fk0ys5fhgjezbw0rqeuuetmf",
            "productName": "Cooked Pork Chops",
            "productPrice": 7.49,
            "productDescription": "Pork Chops. (Cooked For Some Reason)",
            "productStock": 2,
            "createdAt": "2024-11-12T18:48:58.559Z",
            "updatedAt": "2024-11-12T18:48:58.559Z",
            "publishedAt": "2024-11-12T18:48:58.580Z",
            "productImage": {
                "id": 2,
                "documentId": "czloqy2aktv52k2ebgpw7tae",
                "name": "item3.png",
                "alternativeText": null,
                "caption": null,
                "width": 360,
                "height": 360,
                "formats": {
                    "thumbnail": {
                        "name": "thumbnail_item3.png",
                        "hash": "thumbnail_item3_0e03ac5595",
                        "ext": ".png",
                        "mime": "image/png",
                        "path": null,
                        "width": 156,
                        "height": 156,
                        "size": 34.03,
                        "sizeInBytes": 34028,
                        "url": "/uploads/thumbnail_item3_0e03ac5595.png"
                    }
                },
                "hash": "item3_0e03ac5595",
                "ext": ".png",
                "mime": "image/png",
                "size": 41.4,
                "url": "/uploads/item3_0e03ac5595.png",
                "previewUrl": null,
                "provider": "local",
                "provider_metadata": null,
                "createdAt": "2024-11-11T23:37:35.955Z",
                "updatedAt": "2024-11-12T18:48:31.131Z",
                "publishedAt": "2024-11-11T23:37:35.956Z"
            }
        },
        {
            "id": 13,
            "documentId": "wpsaf8kswx08bw662eb8nrtl",
            "productName": "Uncooked Pepperoni",
            "productPrice": 12.99,
            "productDescription": "Exactly What Is Shown, Uncooked Pepperoni.",
            "productStock": 8,
            "createdAt": "2024-11-12T18:50:23.861Z",
            "updatedAt": "2024-11-12T18:50:23.861Z",
            "publishedAt": "2024-11-12T18:50:23.903Z",
            "productImage": {
                "id": 6,
                "documentId": "a373gzpyzarm5gba3xw1ckh3",
                "name": "item8.png",
                "alternativeText": null,
                "caption": null,
                "width": 300,
                "height": 297,
                "formats": {
                    "thumbnail": {
                        "name": "thumbnail_item8.png",
                        "hash": "thumbnail_item8_9b1932b31d",
                        "ext": ".png",
                        "mime": "image/png",
                        "path": null,
                        "width": 158,
                        "height": 156,
                        "size": 39.98,
                        "sizeInBytes": 39977,
                        "url": "/uploads/thumbnail_item8_9b1932b31d.png"
                    }
                },
                "hash": "item8_9b1932b31d",
                "ext": ".png",
                "mime": "image/png",
                "size": 36.28,
                "url": "/uploads/item8_9b1932b31d.png",
                "previewUrl": null,
                "provider": "local",
                "provider_metadata": null,
                "createdAt": "2024-11-12T18:49:37.651Z",
                "updatedAt": "2024-11-12T18:49:37.651Z",
                "publishedAt": "2024-11-12T18:49:37.652Z"
            }
        },
        {
            "id": 19,
            "documentId": "yh95b8nmi9f0cb7kgzrcvyi9",
            "productName": "Tomato Soup",
            "productPrice": 4.99,
            "productDescription": "Possibly Tomato Soup.",
            "productStock": 32,
            "createdAt": "2024-11-12T18:51:25.942Z",
            "updatedAt": "2024-11-12T18:52:07.535Z",
            "publishedAt": "2024-11-12T18:52:07.574Z",
            "productImage": {
                "id": 7,
                "documentId": "mfynbk8780jrbveyffzv8k42",
                "name": "item10.png",
                "alternativeText": null,
                "caption": null,
                "width": 474,
                "height": 474,
                "formats": {
                    "thumbnail": {
                        "name": "thumbnail_item10.png",
                        "hash": "thumbnail_item10_d89181572e",
                        "ext": ".png",
                        "mime": "image/png",
                        "path": null,
                        "width": 156,
                        "height": 156,
                        "size": 4.75,
                        "sizeInBytes": 4750,
                        "url": "/uploads/thumbnail_item10_d89181572e.png"
                    }
                },
                "hash": "item10_d89181572e",
                "ext": ".png",
                "mime": "image/png",
                "size": 24.59,
                "url": "/uploads/item10_d89181572e.png",
                "previewUrl": null,
                "provider": "local",
                "provider_metadata": null,
                "createdAt": "2024-11-12T18:49:38.192Z",
                "updatedAt": "2024-11-12T18:49:38.192Z",
                "publishedAt": "2024-11-12T18:49:38.193Z"
            }
        },
        {
            "id": 20,
            "documentId": "akchpbpl09130qkn85ws0duj",
            "productName": "Natural Soap",
            "productPrice": 5.49,
            "productDescription": "All Natural Soap.",
            "productStock": 90,
            "createdAt": "2024-11-12T18:50:57.374Z",
            "updatedAt": "2024-11-12T18:52:17.055Z",
            "publishedAt": "2024-11-12T18:52:17.083Z",
            "productImage": {
                "id": 10,
                "documentId": "ipf1ts6pdrnomd17umll45t7",
                "name": "item9.png",
                "alternativeText": null,
                "caption": null,
                "width": 1792,
                "height": 1791,
                "formats": {
                    "thumbnail": {
                        "name": "thumbnail_item9.png",
                        "hash": "thumbnail_item9_efeffa62dd",
                        "ext": ".png",
                        "mime": "image/png",
                        "path": null,
                        "width": 156,
                        "height": 156,
                        "size": 28.62,
                        "sizeInBytes": 28622,
                        "url": "/uploads/thumbnail_item9_efeffa62dd.png"
                    },
                    "small": {
                        "name": "small_item9.png",
                        "hash": "small_item9_efeffa62dd",
                        "ext": ".png",
                        "mime": "image/png",
                        "path": null,
                        "width": 500,
                        "height": 500,
                        "size": 213.43,
                        "sizeInBytes": 213426,
                        "url": "/uploads/small_item9_efeffa62dd.png"
                    },
                    "medium": {
                        "name": "medium_item9.png",
                        "hash": "medium_item9_efeffa62dd",
                        "ext": ".png",
                        "mime": "image/png",
                        "path": null,
                        "width": 750,
                        "height": 750,
                        "size": 445.59,
                        "sizeInBytes": 445590,
                        "url": "/uploads/medium_item9_efeffa62dd.png"
                    },
                    "large": {
                        "name": "large_item9.png",
                        "hash": "large_item9_efeffa62dd",
                        "ext": ".png",
                        "mime": "image/png",
                        "path": null,
                        "width": 1000,
                        "height": 999,
                        "size": 749.23,
                        "sizeInBytes": 749229,
                        "url": "/uploads/large_item9_efeffa62dd.png"
                    }
                },
                "hash": "item9_efeffa62dd",
                "ext": ".png",
                "mime": "image/png",
                "size": 531.42,
                "url": "/uploads/item9_efeffa62dd.png",
                "previewUrl": null,
                "provider": "local",
                "provider_metadata": null,
                "createdAt": "2024-11-12T18:49:41.169Z",
                "updatedAt": "2024-11-12T18:49:41.169Z",
                "publishedAt": "2024-11-12T18:49:41.171Z"
            }
        },
        {
            "id": 22,
            "documentId": "ipykkuajvszyf1r9pq0chlkl",
            "productName": "Pork Chop (Raw)",
            "productPrice": 3.99,
            "productDescription": "Raw Pork.",
            "productStock": 5,
            "createdAt": "2024-11-12T18:53:05.240Z",
            "updatedAt": "2024-11-12T18:53:05.240Z",
            "publishedAt": "2024-11-12T18:53:05.267Z",
            "productImage": {
                "id": 8,
                "documentId": "t1xoimfrnorx9asuxnilxpw5",
                "name": "item7.png",
                "alternativeText": null,
                "caption": null,
                "width": 650,
                "height": 650,
                "formats": {
                    "thumbnail": {
                        "name": "thumbnail_item7.png",
                        "hash": "thumbnail_item7_6de234cb29",
                        "ext": ".png",
                        "mime": "image/png",
                        "path": null,
                        "width": 156,
                        "height": 156,
                        "size": 32.28,
                        "sizeInBytes": 32284,
                        "url": "/uploads/thumbnail_item7_6de234cb29.png"
                    },
                    "small": {
                        "name": "small_item7.png",
                        "hash": "small_item7_6de234cb29",
                        "ext": ".png",
                        "mime": "image/png",
                        "path": null,
                        "width": 500,
                        "height": 500,
                        "size": 267.13,
                        "sizeInBytes": 267125,
                        "url": "/uploads/small_item7_6de234cb29.png"
                    }
                },
                "hash": "item7_6de234cb29",
                "ext": ".png",
                "mime": "image/png",
                "size": 112.97,
                "url": "/uploads/item7_6de234cb29.png",
                "previewUrl": null,
                "provider": "local",
                "provider_metadata": null,
                "createdAt": "2024-11-12T18:49:38.378Z",
                "updatedAt": "2024-11-12T18:49:38.378Z",
                "publishedAt": "2024-11-12T18:49:38.379Z"
            }
        },
        {
            "id": 24,
            "documentId": "vfg1modqqtuh6k047ee6oa5m",
            "productName": "Sour Cream",
            "productPrice": 10.49,
            "productDescription": "I Think This Is Sour Cream.",
            "productStock": 10,
            "createdAt": "2024-11-12T18:53:37.428Z",
            "updatedAt": "2024-11-12T18:53:37.428Z",
            "publishedAt": "2024-11-12T18:53:37.444Z",
            "productImage": {
                "id": 9,
                "documentId": "w2n5mxwtuitslyp1eadvdfnf",
                "name": "item6.png",
                "alternativeText": null,
                "caption": null,
                "width": 1200,
                "height": 1060,
                "formats": {
                    "thumbnail": {
                        "name": "thumbnail_item6.png",
                        "hash": "thumbnail_item6_ca21389683",
                        "ext": ".png",
                        "mime": "image/png",
                        "path": null,
                        "width": 177,
                        "height": 156,
                        "size": 34.86,
                        "sizeInBytes": 34864,
                        "url": "/uploads/thumbnail_item6_ca21389683.png"
                    },
                    "small": {
                        "name": "small_item6.png",
                        "hash": "small_item6_ca21389683",
                        "ext": ".png",
                        "mime": "image/png",
                        "path": null,
                        "width": 500,
                        "height": 442,
                        "size": 200.92,
                        "sizeInBytes": 200915,
                        "url": "/uploads/small_item6_ca21389683.png"
                    },
                    "medium": {
                        "name": "medium_item6.png",
                        "hash": "medium_item6_ca21389683",
                        "ext": ".png",
                        "mime": "image/png",
                        "path": null,
                        "width": 750,
                        "height": 663,
                        "size": 441.18,
                        "sizeInBytes": 441181,
                        "url": "/uploads/medium_item6_ca21389683.png"
                    },
                    "large": {
                        "name": "large_item6.png",
                        "hash": "large_item6_ca21389683",
                        "ext": ".png",
                        "mime": "image/png",
                        "path": null,
                        "width": 1000,
                        "height": 883,
                        "size": 772.39,
                        "sizeInBytes": 772386,
                        "url": "/uploads/large_item6_ca21389683.png"
                    }
                },
                "hash": "item6_ca21389683",
                "ext": ".png",
                "mime": "image/png",
                "size": 203.04,
                "url": "/uploads/item6_ca21389683.png",
                "previewUrl": null,
                "provider": "local",
                "provider_metadata": null,
                "createdAt": "2024-11-12T18:49:38.437Z",
                "updatedAt": "2024-11-12T18:53:14.083Z",
                "publishedAt": "2024-11-12T18:49:38.438Z"
            }
        }
    ],
    "meta": {
        "pagination": {
            "page": 1,
            "pageSize": 25,
            "pageCount": 1,
            "total": 10
        }
    }
}